<?xml version="1.0" encoding="UTF-8"?>
<ponude>
  <igra>
    <naziv>The Witcher 3</naziv>
    <slika>slike/witcher.jpg</slika>
    <cijena>14.99</cijena>
    <stara_cijena>29.99</stara_cijena>
    <kategorija>rpg</kategorija>
  </igra>
  <igra>
    <naziv>Cyberpunk 2077</naziv>
    <slika>slike/2077.jpg</slika>
    <cijena>19.99</cijena>
    <stara_cijena>49.99</stara_cijena>
    <kategorija>rpg</kategorija>
  </igra>
  <igra>
    <naziv>Red Dead Redemption 2</naziv>
    <slika>slike/red.jpg</slika>
    <cijena>24.99</cijena>
    <stara_cijena>59.99</stara_cijena>
    <kategorija>akcija</kategorija>
  </igra>
  <igra>
    <naziv>Uncharted 4</naziv>
    <slika>slike/unc.jpg</slika>
    <cijena>11.99</cijena>
    <stara_cijena>39.99</stara_cijena>
    <kategorija>avantura</kategorija>
  </igra>
  <igra>
    <naziv>Elden Ring</naziv>
    <slika>slike/elden.jpg</slika>
    <cijena>29.99</cijena>
    <stara_cijena>59.99</stara_cijena>
    <kategorija>rpg</kategorija>
  </igra>
  <igra>
    <naziv>The Last of Us Part I</naziv>
    <slika>slike/us.jpg</slika>
    <cijena>24.99</cijena>
    <stara_cijena>59.99</stara_cijena>
    <kategorija>avantura</kategorija>
  </igra>
  <igra>
    <naziv>Clair Obscur: Expedition 33</naziv>
    <slika>slike/33.jpg</slika>
    <cijena>29.99</cijena>
    <stara_cijena>49.99</stara_cijena>
    <kategorija>rpg</kategorija>
  </igra>
  <igra>
    <naziv>Resident Evil Village</naziv>
    <slika>slike/re.jpg</slika>
    <cijena>9.99</cijena>
    <stara_cijena>39.99</stara_cijena>
    <kategorija>akcija</kategorija>
  </igra>
</ponude>
